5;300339016312553473;Heavy Rain (2010/2019)
5;580790077865852928;Detroit: Become Human (2018/2019)
4;580790077865852928;Hitman: Absolution (2012)
3;580790077865852928;Control (2019)
2;580790077865852928;Bioshock (2007)
3;317062255130705920;Heavy Rain (2010/2019)
4;317062255130705920;Civilization 6 (2016)
4;317062255130705920;Dark Souls 2 (2014)
5;317062255130705920;Dark Souls 3 (2016)
4;317062255130705920;Oxygen Not Included (2019)
5;317062255130705920;Beyond Good & Evil (2003)
3;317062255130705920;ARK: Survival Evolved (2015)
4;317062255130705920;Battlefield 3 (2011)
4;317062255130705920;Battlefield 4 (2013)
4;317062255130705920;Battlefield 1 (2016)
4;317062255130705920;Wasteland 2 (2014)
4;317062255130705920;Pillars of Eternity 2 (2018)
4;317062255130705920;Witcher: Enhanced Edition (2007)
4;317062255130705920;Fallout 4 (2015)
4;317062255130705920;Hitman 2: Silent Assassin (2002)
3;317062255130705920;Hitman: Absolution (2012)
5;317062255130705920;Hitman: Blood Money (2006)
5;317062255130705920;Hitman (2016)
5;317062255130705920;Hitman 2 (2018)
4;317062255130705920;Hitman 3 (2021)
4;317062255130705920;Dungeon Siege (2002)
5;317062255130705920;Dungeon Siege (2002)
5;317062255130705920;Far Cry 3 (2012)
3;317062255130705920;Far Cry 4 (2014)
5;317062255130705920;Alan Wake (2010/2012)
5;317062255130705920;Quantum Break (2016)
5;317062255130705920;Control (2019)
5;317062255130705920;Psychonauts (2006)
5;317062255130705920;Rise of the Tomb Raider (2016)
5;317062255130705920;Shadow of the Tomb Raider (2018)
5;317062255130705920;Wolfenstein: New Order (2014)
5;317062255130705920;L.A. Noire (2011)
5;317062255130705920;Bioshock (2007)
5;317062255130705920;Crysis (2007)
4;317062255130705920;Crysis 2 (2011)
3;317062255130705920;Crysis 3 (2013)
3;300339016312553473;Beyond: Two Souls (2013/2019)
4;300339016312553473;Civilization 6 (2016)
5;300339016312553473;Dark Souls 2 (2014)
5;300339016312553473;Dark Souls 3 (2016)
5;300339016312553473;Oxygen Not Included (2019)
5;300339016312553473;Beyond Good & Evil (2003)
1;300339016312553473;ARK: Survival Evolved (2015)
4;300339016312553473;Battlefield 3 (2011)
5;300339016312553473;Battlefield 4 (2013)
1;300339016312553473;Battlefield 1 (2016)
2;300339016312553473;Wasteland 2 (2014)
3;300339016312553473;Witcher: Enhanced Edition (2007)
1;300339016312553473;Fallout 4 (2015)
4;300339016312553473;Hitman 2: Silent Assassin (2002)
1;300339016312553473;Hitman: Absolution (2012)
4;300339016312553473;Hitman: Blood Money (2006)
5;300339016312553473;Hitman (2016)
5;300339016312553473;Dungeon Siege (2002)
5;300339016312553473;Far Cry 3 (2012)
3;300339016312553473;Far Cry 4 (2014)
4;300339016312553473;Alan Wake (2010/2012)
4;300339016312553473;Quantum Break (2016)
5;300339016312553473;Control (2019)
5;300339016312553473;Psychonauts (2006)
4;300339016312553473;Rise of the Tomb Raider (2016)
5;300339016312553473;Wolfenstein: New Order (2014)
2;300339016312553473;L.A. Noire (2011)
2;300339016312553473;Bioshock (2007)
5;300339016312553473;Crysis (2007)
1;300339016312553473;Crysis 2 (2011)
1;300339016312553473;Crysis 3 (2013)
4;476498230977232933;Oxygen Not Included (2019)
2;476498230977232933;ARK: Survival Evolved (2015)
5;476498230977232933;Pillars of Eternity 2 (2018)
5;476498230977232933;Witcher: Enhanced Edition (2007)
5;476498230977232933;Far Cry 3 (2012)
3;476498230977232933;Far Cry 4 (2014)
5;476498230977232933;Bioshock (2007)
