4;300339016312553473;Mass Effect 2
1;300339016312553473;Mass Effect
4;300339016312553473;Mass Effect
4;300339016312553473;Mass Effect
2;300339016312553473;Mass Effect
4;300339016312553473;Mass Effect
1;300339016312553473;Mass Effect 2
3;300339016312553473;Mass Effect 2
5;300339016312553473;Mass Effect 2
4;300339016312553473;Mass Effect 2
4;300339016312553473;Mass Effect 2
1;300339016312553473;Mass Effect 2
1;300339016312553473;Mass Effect 2
1;300339016312553473;Mass Effect
4;300339016312553473;Mass Effect
5;300339016312553473;Mass Effect
2;300339016312553473;Mass Effect
1;300339016312553473;Mass Effect
4;300339016312553473;Mass Effect
3;300339016312553473;Mass Effect
3;300339016312553473;Mass Effect
5;300339016312553473;Mass Effect
